{"cameraMode":{"drawMode":0,"name":"Shaded","section":"Shading Mode"},"sceneLighting":true,"audioPlay":false,"sceneViewState":{"showFog":true,"showMaterialUpdate":false,"showSkybox":true,"showFlares":true,"showImageEffects":true,"showParticleSystems":true,"showVisualEffectGraphs":true,"m_FxEnabled":true},"in2DMode":false,"pivot":{"x":5.389861106872559,"y":3.4043235778808595,"z":1.053328514099121},"rotation":{"x":0.006148925982415676,"y":0.23071235418319703,"z":-0.0014198400313034654,"w":0.9730281233787537},"size":9.672099113464356,"orthographic":false}