{"cameraMode":{"drawMode":0,"name":"Shaded","section":"Shading Mode"},"sceneLighting":true,"audioPlay":false,"sceneViewState":{"showFog":true,"showMaterialUpdate":false,"showSkybox":true,"showFlares":true,"showImageEffects":true,"showParticleSystems":true,"showVisualEffectGraphs":true,"m_FxEnabled":true},"in2DMode":false,"pivot":{"x":0.8938908576965332,"y":1.0483078956604005,"z":1.3678956031799317},"rotation":{"x":-0.2075275480747223,"y":-0.10629488527774811,"z":0.02268916927278042,"w":-0.9721803069114685},"size":16.948936462402345,"orthographic":false}